qid,correct,total,difficulty
Q1,2,3,0.33333333333333337
Q2,2,3,0.33333333333333337
Q3,2,3,0.33333333333333337
Q4,2,3,0.33333333333333337
Q5,2,3,0.33333333333333337
